"subject","BMI"
46,-1.64569587419447
47,0.547258153274651
50,1.30515440058248
51,-0.875914734188671
118,0.731604956303522
124,0.370597291109629
